contract_id,summary,termination_clause,confidentiality_clause,liability_clause
TRUENORTHENERGYCORP_02_08_2007-EX-10.1-DEVELOPMENT AGREEMENT,"This development agreement between BP America Production Company and True North Energy Corp stipulates a 11.67% stake in an Initial Well located on the Contract Area, with the company bearing the cost of drilling. Additional wells can be drilled once BP's interest is achieved. Risks include potential disputes over ownership rights and costs exceeding anticipated levels.",Not found,Not found,Not found
"BLUEHILLSBANCORP,INC_05_20_2014-EX-1.1-AGENCY AGREEMENT","### Summary

This contract outlines an agreement between Blue Hills Bancorp, Inc., Hyde Park Bancorp MHC, Hyde Park Bancorp Inc., and Blue Hills Bank. The purpose is to convert the current mutual holding company form of organization into a stock holding company through a subscription offering. Key obligations include:

- Offering up to 24,150,000 shares (subject to increase) at $10 per share.
- Subscription for these shares will be from eligible account holders, tax-qualified employee benefit plans, and certain employees, officers, directors, trustees, and corporators of the bank, Mid-Tier, and MHC who do not have higher priority. 
- Shares not subscribed in the subscription offering can be offered to members of the general public through a syndicated community offering or underwritten offering with Keefe, Bruyette & Woods acting as sole bookrunner.

Notable risks include:
- The possibility that shares may not be subscribed for.
- The potential for market volatility affecting share prices and investor interest.","(c) If any of the conditions specified in Section 8 shall not have been fulfilled when and as required by this Agreement, unless waived in writing, or by the Closing Date, this Agreement and all of the Agent's obligations hereunder may be cancelled by the Agent by notifying the Holding Company of such cancellation in writing or by electronic mail at any time at or prior to the Closing Date, and any such cancellation shall be without liability of any party to any other party except as otherwise provided in Sections 2(a), 2(e), 7, 9 and 10 hereof.",Not found,"If an indemnifying party assumes the defense of such action, the indemnifying parties shall not be liable for any fees and expenses of counsel for the indemnified parties incurred thereafter in connection with such action, proceeding or claim, other than reasonable costs of investigation."
LohaCompanyltd_20191209_F-1_EX-10.16_11917878_EX-10.16_Supply Agreement,"This contract establishes a framework agreement for purchasing products from a seller to the buyer/End-User through an intermediary (Yichangtai or Leheyuan). The essential obligations include accepting orders within three working days, modifying orders with written notice and consent, and ensuring proper packaging. Notable risks involve potential damage due to improper packing, inadequate protective measures, and compliance with China's Entry-Exit Inspection and Quarantine Bureau requirements for goods export.","If the Sellers fail to make delivery ten weeks later than the time of shipment stipulated in the Contract, the Buyers have the right to cancel the contract and the Sellers, in spite of the cancellation, shall still pay the aforesaid penalty to the Buyers without delay, the seller should refund the money received and pay the 30% of the total goods price of the penalty","20. This final price is the confidential information.

Dissemination, distribution or duplication of this price is strictly prohibited.",Not found
DIVERSINETCORP_03_01_2012-EX-4-RESELLER AGREEMENT,"This contract outlines a reseller agreement between Diversinet Corp. and 2205925 Ontario Limited for marketing and selling certain of Diversinet's products within Canada. The key obligations include the exclusive right to market and sell the specified products in Canada, with potential rights to expand outside of Canada upon prior written consent from Diversinet. Reseller must pay an annual minimum commitment (AMC) and has a non-exclusive right to contract internationally except for the United States. Reseller is also entitled to certain discounts for sales in the US.","If Reseller terminates the AMC in the manner contemplated in Schedule 3, the exclusive license above shall revert to being a non-exclusive license.","Reseller agrees that all software, documentation and materials provided with the Products and all information contained therein is owned by Diversinet. The Parties agree that any other information of a confidential or proprietary nature provided by one Party to the other from time to time, whether marked as 'Proprietary', 'Confidential', 'Secret' or any other designation implying confidentiality, is owned by the disclosing Party (all such information hereafter, collectively 'Trade Secrets'). Both Parties shall treat the other Party's Trade Secrets with the same care as they treat their own confidential information of a like nature, but in no case shall the receiving Party use less care in handling the Trade Secrets than would be reasonable under the circumstances.","(d) NOTWITHSTANDING THE ABOVE, IN NO EVENT SHALL DIVERSINET'S LIABILITY RELATING TO THIS AGREEMENT (OR THE BUNDLED PRODUCT) EXCEED ONE HUNDRED PERCENT (100%) OF THE AGGREGATE AMOUNT OF THE LICENSE FEES, ROYALTIES AND SUPPORT FEES PAID BY RESELLER IN THE TWELVE (12) MONTH PERIOD PRECEDING THE EVENT OR CIRCUMSTANCE GIVING RISE TO THE ALLEGED LIABILITY ON THE PART OF DIVERSINET.
(e) The limitations set forth in Section 15(a), (b), (c), (d) and (e) shall not apply in respect of (i) breach of confidentiality obligations; (ii) breach of privacy provisions as detailed in Schedule 6; (iii) the intellectual property indemnity; (iv) any Abandonment committed by Diversinet; or
(v) any willful gross misconduct (including fraud)."
XENCORINC_10_25_2013-EX-10.24-COLLABORATION AGREEMENT (3),"This Collaboration Agreement between Xencor Inc. and Boehringer Ingelheim International GmbH outlines the terms of a research collaboration aimed at developing new pharmaceutical products. Key points include:
- The effective date is February 10, 2012.
- Both parties agree to cooperate in project development under cGMP guidelines.
- Responsibilities are divided between Xencor and BII for personnel, conduct of projects, and deliverables.
- Payment terms cover project fees, technology access fee, and VAT. 
- Ownership and use of project data is outlined with specific provisions regarding process usage and negotiation rights.
The agreement emphasizes the importance of confidentiality and adherence to cGMP standards in their operations.","10.2.1If it is apparent to either Party at any stage of the Project that it will not be possible to carry out the Project for scientific, technical or business reasons, such Party may terminate this Agreement upon one hundred eighty (180) days prior written notice to the other Party.","The obligations to keep secret, not to disclose and not to use the Disclosing Party's Confidential Information and KnowHow or parts thereof shall not apply in the event that the respective Confidential Information or and Know-How such parts thereof:
a.can be shown by written documentation to have been known to Receiving Party or its Affiliated Companies prior to disclosure by the Disclosing Party or its Affiliated Companies hereunder or under the MTA (in no event will Confidential Information and Know-Ho of the Disclosing Party that is generated by the Receiving Party or its Affiliated Companies (e.g., Improvements that are XENCOR Intellectual Property) be considered to be known by the Receiving Party or its Affiliated Companies prior to disclosure by the Disclosing Party or its Affiliated Companies),b.is or comes into the public domain by publication or otherwise through no breach of this Agreement or the MTA, or c.can be shown by written documentation to have been made known to Receiving Party or its Affiliated Companies from another source free from any obligation of confidentiality and was not obtained either directly or indirectly from Disclosing Party or its Affiliated Companies, or d.can be shown by written documentation to have been independently developed or created by Receiving Party or its Affiliated Companies without access to the other Party's Confidential Information and KnowHow (in no event will Confidential Information and Know-How of the Disclosing Party that is generated by the Receiving Party or its Affiliated Companies (e.g., Improvements that are XENCOR Intellectual Property) be considered to be independently developed by the Receiving Party or its Affiliated Companies).","For the avoidance of doubt, all BII liability or indemnification obligation that might result from representations and the warranties under this Section 6 are always subject to the limitations set forth in Section 7.4 of this Agreement."
UsioInc_20040428_SB-2_EX-10.11_1723988_EX-10.11_Affiliate Agreement 2,"This contract is between NETWORK 1 FINANCIAL CORPORATION and PAYMENT DATA SYSTEMS, INC., establishing an affiliate office agreement. The key obligations include:
- Network 1 agrees to market Services through Affiliate's contractors.
- Affiliate must locate individuals willing to act as network contractors for both Network 1 and its subsidiaries.
- Network 1 consents to waive exclusivity requirements with specific merchants that are declined by Network 1, provided they can be processed by a designated B bank source.
- Affiliate discloses background information on contractors to Network 1.
Notable risks include:
- The exclusivity requirement for certain merchants may not apply if Network 1 is unable to process them or if the merchant is declined by another provider.
- There are no specific risks mentioned in the summary.","At the Affiliate request, a boarded Merchant may be terminated from services so long as good reason exists.",Not found,"7.01 AFFILIATE.
Affiliate hereby agrees to indemnify and hold harmless
Network 1, VISA, MasterCard and the Member Bank from and against any loss, cost or damage (including reasonable legal fees and court costs) incurred by Network
1, VISA, MasterCard and the Member Bank as a result of Affiliate's failure to comply with the terms of this Agreement, Affiliate's misrepresentation with respect to this Agreement or Affiliate's knowing or negligent misrepresentation with respect to Contractors.
7.02 NETWORK 1.
Network 1 hereby agrees to indemnify and hold harmless
Affiliate from and against any loss, cost or damage (including reasonable legal fees and court costs) incurred by Affiliate as a result of Network 1's failure to comply with the terms of this Agreement."
CORIOINC_07_20_2000-EX-10.5-LICENSE AND HOSTING AGREEMENT,"This contract details the licensing and hosting agreement between Corio Inc. and Commerce One, focusing on software licensing, customer support, marketing promotion, and financial considerations. Key obligations include providing software access through Corio's servers, offering tiered support services, and sharing revenue from certain types of sales. Risks noted involve potential changes in the definition of ""SOFTWARE USER"" or adjustments to terms due to future agreements between Commerce One and its clients.","If either party materially breaches any term or condition of this Agreement and fails to cure such breach within-thirty (30) days after receiving written notice of the breach, the nonbreaching party may terminate this Agreement on written notice at any time following the end of such-thirty (30) day period.",Each party hereby agrees that it shall not use any Confidential Information received from the other party other than as expressly permitted under the terms of a non-disclosure agreement to be concurrently executed with this Agreement.,"EXCEPT FOR LIABILITY ARISING UNDER SECTION 8 OF THIS AGREEMENT, IN NO EVENT SHALL EITHER PARTY HAVE ANY LIABILITY TO THE OTHER PARTY FOR ANY LOST PROFITS OR COSTS OF PROCUREMENT OF SUBSTITUTE GOODS OR SERVICES, OR FOR ANY INDIRECT, SPECIAL OR CONSEQUENTIAL DAMAGES HOWEVER CAUSED AND UNDER ANY THEORY OF LIABILITY AND WHETHER OR NOT SUCH PARTY HAS BEEN ADVISED OF THE POSSIBILITY OF SUCH DAMAGE."
Freecook_20180605_S-1_EX-10.3_11233807_EX-10.3_Hosting Agreement,"This Website Design, Development, and Hosting Agreement (""Agreement"") is between Natalija Tunevic (Client) and Mitchell Vitalis (Company). The client agrees to pay $5,000 for a website design and development project. Any changes require written acceptance from Company. Client must provide written content in specified formats; Company will not proofread or correct errors unless paid extra. Client acknowledges the due dates are subject to delay if materials are late or approvals delayed.",Not found,Not found,Not found
BellringBrandsInc_20190920_S-1_EX-10.12_11817081_EX-10.12_Manufacturing Agreement2,"This amendment to the Manufacturing Agreement between Heritage and Premier modifies the minimum annual order volume requirement for Premier's purchases. It obligates Premier to purchase a specified quantity of units annually from July 1, 2018 through June 30, 2019, with additional volumes required in subsequent years contingent on commercial production approval by January 1, 2019. The amendment maintains all other terms and conditions unchanged.",Not found,Not found,Not found
PapaJohnsInternationalInc_20190617_8-K_EX-10.1_11707365_EX-10.1_Endorsement Agreement,"This contract is an endorsement agreement between ABG-Shaq LLC (the Celebrity) and Papa John's Marketing Fund Inc., a Kentucky corporation (PJMF), and Papa John's International, Inc. (PJI). The purpose of the agreement is to allow PJM to use the Celebrity's name, image, and services in connection with PJI's advertising, promotion, and sale of products. The key obligations include granting rights to use the Celebrity's Personality Rights for a contract year and subsequent twelve-month periods. Notable risks include potential legal challenges over the interpretation of ""Approved"" by ABG regarding the Celebrity's likeness and image usage.","If this Agreement is terminated by PAPA JOHN'S for any of the reasons set forth in Section 7.A. above, then CELEBRITY shall be entitled to immediately vest in the pro-rata share of the respective number of RSUs for the then-current Contract Year as set forth in Section 5.B. above, determined by multiplying the number of RSUs for such Contract Year by a fraction, the numerator of which is the number of days elapsed in such Contract Year and the denominator of which is the total number of days in such Contract Year, and such RSUs shall vest immediately as of the effective date of termination.",Not found,"TO THE MAXIMUM EXTENT PERMISSIBLE UNDER APPLICABLE LAW, NEITHER ABG NOR AUTHENTIC BRANDS GROUP LLC NOR CELEBRITY SHALL BE LIABLE TO PAPA JOHN'S FOR ANY CONSEQUENTIAL, INCIDENTAL, PUNITIVE, EXEMPLARY, OR SPECIAL DAMAGES, REGARDLESS OF THE FORM OR ACTION, WHETHER IN CONTRACT OR TORT, EVEN IF ABG OR AUTHENTIC BRANDS GROUP LLC HAS BEEN ADVISED OF THE POSSIBLITY OF SUCH DAMAGES OR LOSSES. IN NO EVENT SHALL ABG'S, AUTHENTIC BRANDS GROUP LLC'S, AND CELEBRITY'S TOTAL LIABILITY UNDER THIS AGREEMENT EXCEED THE AMOUNTS ACTUALLY RECEIVED BY ABG (EXCLUSIVE OF REIUMBURSEMENT OF EXPENSES) HEREUNDER, REGARDLESS OF THE NUMBER OR TYPE OF CLAIMS."
"IPAYMENT,INC_05_14_2007-EX-10.1-SPONSORSHIP AGREEMENT","This Sponsorship Agreement between iPayment, Inc., First Data Merchant Services Corporation, and Wells Fargo Bank, N.A. outlines the sponsorship of a Merchants processing Program. It stipulates that as part of their services to ISO, FDMS, and Bank, they will provide support for Merchants accepting Visa and MasterCard cards. The agreement also mentions the termination of previous agreements with Petroleum Card Services and Concord Transaction Services, and incorporates related services into this new document. The effective date is January 29, 2007.","SERVICERS may terminate this Agreement prior to its expiration for cause upon prior written notice to ISO as follows:
(a) Upon a Material breach of any representation, warranty or covenant in this Agreement by SERVICERS which is not cured by
SERVICERS within sixty (60) days of receipt of written notice from ISO; provided however, that if SERVICES are attempting in good faith to cure such breach within said sixty (60) day cure period but the nature of the breach prevents a cure within sixty (60) days, then
SERVICES shall be allotted an additional number of days to cure, provided the total number of days of the cure period shall be no greater than one hundred twenty (120) days;
(b) Upon any failure by SERVICERS to pay any amount due under this Agreement which does not give rise to the right to terminate under any other provision of this Agreement within five (5) Business Days after written notice to SERVICERS of its failure to pay the amount;",Not found,"ISO shall indemnify, defend, protect, and hold SERVICERS, their Affiliates, and their respective officers, directors, employees, attorneys, and permitted assigns, harmless from and against any Losses and credit/fraud losses arising directly from:
(a) Any failure by ISO to comply with any Material term or condition of this Agreement applicable to ISO, or the failure of any warranty or representations made by ISO in this Agreement to be true and correct;
(b) Any claim for which ISO has otherwise agreed herein to pay or indemnify SERVICERS; 
(c) Credit or fraud losses, regardless of whether SERVICERS performed any underwriting, credit review, periodic review or fraud monitoring reviews on their own behalf; 
(d) Any negligence, misrepresentation or willful misconduct on the part of ISO or any of its employees, agents, Other MSP's or IC's related to this Agreement; and
(e) Any claim by any third party related to this Agreement of a Merchant in the Merchant Portfolio that ISO's Intellectual Property violates or infringes any proprietary right of such third party, without any limitation of liability whatsoever."
HertzGroupRealtyTrustInc_20190920_S-11A_EX-10.8_11816941_EX-10.8_Trademark License Agreement,"This TRADEMARK LICENSE AGREEMENT (""Agreement"") between Hertz Investment Group LLC and Hertz Group Realty Trust Inc. outlines a licensing arrangement for the use of a trademark in connection with real estate investments. The key points include:

- Licensor (Hertz Investment Group) grants a non-exclusive, royalty-free license to Licensee (Hertz Group Realty Trust Inc.) to use the ""H"" mark as part of their corporate name and identifying mark.
- The agreement is for a term that begins on September 1st, 2019.
- Licensor retains ownership of all rights in the trademark, but Licensee can use it subject to the terms set forth in the agreement.
- No other party has any right or interest in the trademark beyond what is explicitly stated in this agreement.

The risks include potential legal challenges if there are issues with trademark infringement or dilution.",Not found,Not found,"4.1 Licensed Users shall indemnify, hold harmless and defend Licensor, its affiliates, successors and assigns, and its and their directors, officers, employees and agents, against any claim, demand, cause of action, debt, expense or liability (including attorneys' fees and costs), to the extent that the foregoing (a) is based on a claim resulting solely from any service provided or offered by Licensed Users, (b) results from a material breach, or is based on a claim that, if true, would be a material breach, of this Agreement by Licensed Users, or (c) is based upon Licensed Users' unauthorized or improper use of the Licensed Mark."
MRSFIELDSORIGINALCOOKIESINC_01_29_1998-EX-10-FRANCHISE AGREEMENT,"This contract outlines the terms and conditions for a franchise agreement, including the grant of rights to operate under a brand name, fees for initial and renewal franchises, obligations regarding trademarks and location selection, development of units, and payment arrangements. Key risks include potential disputes over trademark usage and liability limits on the franchisor's responsibility. The franchisee must pay upfront fees, deferrable payments, royalties, advertising fund contributions, and renewals, with late fees and interest applicable. Risks also involve compliance with corporate name restrictions and termination rights for either party.",Not found,Not found,"Pretzel Time shall not be liable to Franchisee, the contractor, or any other person, and Franchisee waives all claims for liability or damages of any type whatsoever (whether direct, indirect, incidental, consequential, or exemplary), on account of the rendition of any services by Pretzel Time in accordance with this Section, except to the extent caused by the gross negligence or intentional misconduct of Pretzel Time, and then any such liability or damages shall be limited to five thousand dollars ($5,000.00)."
REWALKROBOTICSLTD_07_10_2014-EX-10.2-STRATEGIC ALLIANCE AGREEMENT,"This Strategic Alliance Agreement between Yaskawa Electric Corporation (YEC) and Argo Medical Technologies Ltd. aims to leverage their complementary strengths in robotics and electrical engineering for healthcare equipment development. Key obligations include marketing ARGO's products by YEC, commercializing future YEC products, improving ARGO's products through collaboration on motion control and robotics expertise, enhancing product quality, and defining roles in joint research and development. Notable risks involve market competition, technological challenges, and the need to manage expectations effectively between two companies with different business models.","Either party may terminate this Agreement by giving written notice of termination to the other party, which termination will be effective immediately upon such notice, if the other party defaults in the performance of any of its material obligations provided for in this Agreement and fails to cure such default within sixty (60) days after receipt of notice from the other party of such default, unless a plan for remedying such default has been proposed by the defaulting party and accepted by the non-defaulting party within such period.","On or prior to the execution of this Agreement, both parties shall sign a new Confidentiality and Non-Disclosure Agreement (hereinafter the ""New NDA"") and both parties shall comply with any terms and conditions stipulated in the New NDA with respect to handling of any confidential information disclosed by the other party hereunder.",Not found
WebmdHealthCorp_20050908_S-1A_EX-10.7_1027007_EX-10.7_Content License Agreement,"This contract is an anatomical line drawings licensing agreement between Emdeon Corporation and WebMD, Inc., covering the distribution of software products. The essential obligations include delivering specified Content in a mutually agreed format without additional charges for updates. Notable risks involve adhering to terms and conditions, potential costs from reformatting or integrating content into software, and WebMD's editorial oversight over the material.","(b) Termination.

In addition to expiration of this Agreement as set forth in Section 3(a) hereof in the event either party fails to perform any of its material obligations hereunder, the other party may terminate this Agreement at [truncated]","(c) Requirements.
During the term of this Agreement and for so long as such information remains a trade secret under applicable law, neither party will, except as otherwise expressly directed by the other party, use, copy, or disclose, or permit any unauthorized person access to, any of the other party's Trade Secrets, except as expressly permitted herein and necessary for accomplishment of activities required hereby.

During the term of this Agreement and for a period of two (2) years after termination hereof, neither party will use, copy, or disclose, or permit any unauthorized person access to, any of the other party's Confidential Information, except as expressly directed by such party or as permitted herein.

The receiving party agrees to take reasonable precautions (no less rigorous than the receiving party takes with respect to its own comparable Confidential Information and Trade Secrets) to prevent unauthorized or inadvertent disclosure of the Confidential Information and Trade Secrets of the disclosing party.","WEBMD'S AGGREGATE LIABILITY FOR ALL DAMAGES, LOSSES AND CAUSES OF ACTION IN ANY WAY RELATED TO THIS AGREEMENT OR THE CONTENT, WHETHER IN CONTRACT, TORT (INCLUDING NEGLIGENCE) OR OTHERWISE, HOWEVER ARISING, UNDER ANY THEORY OF LIABILITY, INCLUDING JOINTLY OR SEVERALLY, SHALL NOT EXCEED FIFTY DOLLARS ($50)."
"VIRTUALSCOPICS,INC_11_12_2010-EX-10.1-STRATEGIC ALLIANCE AGREEMENT","This Strategic Alliance Agreement between PPD Development LP and VirtualScopics Inc. outlines a two-year partnership for comprehensive clinical and medical imaging services, focusing on enhancing pharmaceutical development through faster decision-making. The agreement includes renewal terms and specific pricing structures for preferred services. Key obligations include providing high-quality imaging solutions that streamline drug development processes. Risks involve potential changes in service offerings or pricing without prior notice, affecting ongoing work orders.","In the event Sponsor, with or without cause, terminates, or requests that PPD terminate, VS's involvement in a project, PPD shall have the right to immediately terminate the Work Order to which such project relates. Additionally, in the event the services requested of PPD by Sponsor are cancelled or put on hold or the services agreement between PPD and Sponsor is terminated, PPD may terminate any relevant Work Order immediately upon notice to VS.",Not found,Not found
ENTERPRISEPRODUCTSPARTNERSLP_07_08_1998-EX-10.3-TRANSPORTATION CONTRACT,"This agreement between Enterprise Transportation Company and Enterprise Products Operating L.P. specifies the terms for transporting chemicals or petroleum products across state lines, internationally, or within a single state. The shipper must deliver commodities to the carrier annually for shipments weighing at least ten thousand pounds, with compensation calculated according to the Schedule and Carrier's Contract Carriage Rules and Regulations. This agreement is valid from June 1, 1998, and automatically renews upon written notice of less than thirty days.",Not found,Not found,Not found
"ADIANUTRITION,INC_04_01_2005-EX-10.D2-RESELLER AGREEMENT","This Reseller Agreement between PivX Corporation and Detto Technologies stipulates a non-exclusive license for distributing Qwik-Fix Pro across North America and internationally. Key responsibilities include granting exclusive rights to third parties, ensuring compliance with the current Enterprise License Agreement, and maintaining proper documentation. Risks encompass potential restrictions on reverse engineering and adherence to trademark usage guidelines.",Not found,Not found,"In the event of termination in accordance with Section 5.1, PivX shall not be liable to Detto because of such termination for compensation, reimbursement or damages on account of the loss of prospective profits or anticipated sales or on account of expenditures, inventory, investments, leases or commitments in connection with the business or goodwill of Detto."
GLOBALTECHNOLOGIESLTD_06_08_2020-EX-10.16-CONSULTING AGREEMENT,"This Consulting Agreement outlines a non-exclusive agreement between Global Technologies, Ltd. (Company) and Timothy Cabrera (Consultant), where Consultant will provide various services to the Company as outlined in Section 3 of the contract. The key obligations include providing further development of the business plan for subsidiaries, seeking acquisition of potential products, negotiating acquisition or merger consideration, setting up meetings with acquisition candidates, and assisting with day-to-day tasks. The agreement is effective from January 2, 2020, for one year unless terminated by either party in bankruptcy, insolvency, or assignment for the benefit of creditors.","The Company shall be truthful with Consultant in regard to any relevant material regarding the Company, verbally or otherwise, or this entire Agreement will terminate and all consideration paid shall be forfeited without further notice.",Consultant will not disclose Confidential Information to any third party without prior written consent from the Company.,Not found
FEDERATEDGOVERNMENTINCOMESECURITIESINC_04_28_2020-EX-99.SERV AGREE-SERVICES AGREEMENT_POWEROF,"The contract establishes a limited power of attorney between Federated Investment Management Company and Federated Advisory Services Company. The Adviser appoints FASC to act as an agent on their behalf concerning certain agreements, contracts, and documents related to managing funds under the Adviser's supervision. This enables the execution of necessary actions without adding additional duties or liabilities beyond those stipulated in the Investment Advisory Contract.","Nothing herein shall be construed as imposing a duty on
FASC to act or assume responsibility for any matters referred to above or other matters even though FASC may have power or authority hereunder to do so.

Nothing in this Limited Power of Attorney shall be construed (i) to be an amendment or modifications of,
or supplement to, the Investment Advisory Contract, (ii) to amend, modify, limit or denigrate any duties, obligations or liabilities of the
Adviser under the terms of the Investment Advisory Contract or (iii) exonerate, relieve or release the Adviser from any losses,
obligations, penalties, actions, judgments and suits and other costs, expenses and disbursements of any kind or nature whatsoever which may be imposed on, incurred by or asserted against the Adviser (x) under the terms of the Investment Advisory Contract or (y)
at law, or in equity, for the performance of its duties as the investment adviser or subadviser of any of the Funds.

The Adviser hereby agrees to indemnify and save harmless FASC and its trustees, officers and employees (each of the foregoing an ""Indemnified Party"" and collectively the ""Indemnified Parties"") against and from any and all losses, obligations, penalties,
actions, judgments and suits and other costs, expenses and disbursements of any kind or nature whatsoever which may be imposed on, incurred by or asserted against an Indemnified Party, other than as a consequence of gross negligence or willful misconduct on the
part of an Indemnified Party, arising out of or in connection with this Limited Power of Attorney or any other agreement, instrument or document executed in connection with the exercise of the authority granted to FASC herein to act on behalf of the Adviser,
including without limitation the reasonable costs, expenses and disbursements in connection with defending such Indemnified Party against any claim or liability related to the exercise or performance of any of FASC's powers or duties under this Limited Power of
Attorney or any of the other agreements, instruments or documents executed in connection with the exercise of the authority granted to FASC herein to act on behalf of the Adviser, or the taking of any action under or in connection with any of the foregoing.

The obligations of the Adviser under this paragraph shall survive the termination of this Limited Power of Attorney with respect to actions taken by FASC on behalf of the Adviser during the term of this Limited Power of Attorney.",Not found,"The Adviser hereby agrees to indemnify and save harmless FASC and its trustees, officers and employees (each of the foregoing an"
NEONSYSTEMSINC_03_01_1999-EX-10.5-DISTRIBUTOR AGREEMENT_New,"This contract is between Peregrine/Bridge Transfer Corporation (Licensor) and Neon Systems, Inc. (Licensee). It outlines terms for distributing software products licensed from the Licensor. Key points include:
- The Licensee will market and sublicense the Licensed Products to customers.
- Documentation includes all materials used by Customers with the Products.
- An Emergency Fix is a temporary solution provided by the Licensor.
The contract covers pricing, payment, order details, warranties, covenants, indemnification, audits, limited warranties, liability, term, and termination. It also specifies that neither party may compete or disclose confidential information after termination.","If Licensor fails to deliver notice of termination pursuant to this subsection 14.2(b)(1) within six (6) months after the end of the term to which such termination relates, Licensor will be deemed to have waived such termination right in respect of such term (but not in respect of subsequent terms); or
(2) Upon thirty (30) days prior written notice if Licensee enters into an agreement or other arrangement relating to the merger of Licensee with another entity, the acquisition of the majority of Licensee's issued and outstanding capital stock or the acquisition of substantially all of the assets of Licensee.",Not found,Not found
"THERAVANCEBIOPHARMA,INC_05_08_2020-EX-10.2-SERVICE AGREEMENT","This contract is a service agreement between Theravance Biopharma UK Limited and Brett Haumann. The key obligations involve maintaining confidentiality, refraining from disclosing confidential information, and the right to terminate under specified circumstances. Risks include breaches of confidentiality, potential legal disputes, and the ability for either party to terminate the agreement.",The rights of the Company under clause 18.1 are without prejudice to any other rights that it might have at law to terminate the Executive's employment or to accept any breach of this Agreement by the Executive as having brought the Agreement to an end.,"Without prejudice to the Executive's common law and fiduciary duties, the Executive shall not during employment or at any time after Termination and whether for their own benefit
or for the benefit of any third party:
15.1.1 use any Confidential Information; or
15.1.2 disclose any Confidential Information to any person, company or other organisation whatsoever,
except in the proper course of their duties, as required by law or as authorised by the Company in writing.",Not found
PaperexchangeComInc_20000322_S-1A_EX-10.4_5202103_EX-10.4_Co-Branding Agreement,"This Co-Branding Agreement between VerticalNet and PaperExchange aims to establish a collaborative venture, creating a career center and equipment listings website co-branded with Pulp and Paper Online. It outlines essential terms such as affiliate relationships, revenue from the career center, equipment listings, shared URLs for marketing purposes, and confidentiality of proprietary information. The agreement also specifies that both parties must maintain exclusive promotion URLs to enhance their online presence beneficially for both companies.",Not found,"Confidential Information shall mean all proprietary and confidential information of a party, including, without limitation, trade secrets, technical information, business information, sales information, customer and potential customer lists and identities, product sales plans, sublicense agreements, inventions, developments, discoveries, software, know-how, methods, techniques, formulae, data, processes and other trade secrets and proprietary ideas, whether or not protectable under patent, trademark, copyright or other areas of law, that the other party has access to or receives, but does not include information that (a) is or becomes publicly available through no fault of receiving party; (b) was already known to the receiving party at the time it was disclosed to the receiving party, as evidenced by written records of the receiving party; (c) is independently developed by employees of the receiving party who had no knowledge of or access to such information, as evidenced by written records of the receiving party; or (d) is received from a third party who is under no obligation of confidentiality to the disclosing party.","EXCEPT IN CONNECTION WITH A BREACH BY EITHER PARTY OF ARTICLE 10, THE INDEMNIFICATION OBLIGATIONS OF PAPEREXCHANGE UNDER SECTION 12.4(c) [Indemnification by PaperExchange] AND THE INDEMNIFICATION OBLIGATIONS OF VERTICALNET UNDER SECTION 12.5(c) [Indemnification by VerticalNet], EACH PARTY'S LIABILITY FOR DAMAGES HEREUNDER SHALL NOT EXCEED $1,000,000."
CerenceInc_20191002_8-K_EX-10.4_11827494_EX-10.4_Intellectual Property Agreement,"This contract is an intellectual property agreement between Nuance Communications, Inc., and Cerence Inc. It details the assignment of patents, trademarks, domain names, and other intellectual property rights from Nuance to Cerence. Key obligations include recording intellectual property assignments, ensuring no implied rights are granted, and transferring ownership as part of a corporate restructuring. Risks involve potential legal disputes over ownership and use of intellectual property, especially in light of the impending spin-off.","This Agreement may be terminated by Nuance at any time, in its sole discretion, prior to the Distribution; provided, however, that this Agreement shall automatically terminate upon the termination of the Separation Agreement in accordance with its terms.",Not found,"Without limiting the terms set forth in Section 6.09 of the Separation Agreement, none of Nuance, SpinCo or any other member of either Group shall in any event have any Liability to the other or to any other member of the other's Group under this Agreement for any indirect, special, punitive or consequential damages, whether or not caused by or resulting from negligence or breach of obligations hereunder and whether or not informed of the possibility of the existence of such damages."
BellringBrandsInc_20190920_S-1_EX-10.12_11817081_EX-10.12_Manufacturing Agreement1,"This manufacturing agreement between Stremicks Heritage Foods LLC and Premier Nutrition Corporation specifies the terms for producing food products on a contract basis. Key provisions include the commencement date, termination date, product descriptions, records, ingredients/materials/packaging, pricing, quality expectations, and post-holding quality standards. The production will take place at either Heritage's or Jasper's facilities in [***], subject to Premier's approval.","In the event that either Party shall be totally or partially unable to fulfill one or more of its obligations hereunder as a result of acts or occurrences beyond the control of the Party affected, such as, but not limited to, actions, omissions or impositions by local, state or federal governmental authorities, fire, flood, earthquake or other natural disasters, acts of God, revolution, strikes or fuel shortages, the Party so affected shall be totally or partially relieved from fulfilling its obligations under this Agreement during the period of such force majeure; provided, however, that the affected Party shall notify the other Party of the circumstances as soon as reasonably possible; and further provided that if such period of force majeure shall continue for a period of [***] or more, the Party not affected shall be entitled to terminate this Agreement by giving notice to take effect immediately.",Not found,"Heritage shall indemnify, defend and hold Premier harmless from and against any Losses arising out of or relating to (i) Heritage's or Jasper's negligence or willful misconduct, (ii) the manufacturing, packaging, storing and consumption of the Products (except to the extent resulting from Heritage's compliance with Premier's Specifications), (iii) any breach of the Agreement by Heritage or (iv) ingredients or packaging materials purchased by Heritage or Jasper."
SANDRIDGEENERGYINC_08_06_2009-EX-10.6-OPERATIONS AND MAINTENANCE AGREEMENT,"This contract is an Operations and Maintenance Agreement between Piñon Gathering Company LLC (Owner) and SandRidge Midstream Inc. (Operator). It outlines the engagement of the Operator to manage and maintain the gathering system on behalf of the Owner, including duties such as operation, maintenance, material procurement, personnel management, payment of expenses, proposed budgeting, capital projects, emergencies, reporting, commercial activities, regulatory affairs, time dedication, standard of care, limitation of authority, cost reimbursement, accounting methods, financial statements, tax preparation, banking, insurance and indemnification, force majeure, and general provisions. The agreement includes terms for engagement, termination, cooperation with the Owner or successor operator, duties as an operator, responsibilities for costs and expenses, reporting, records, insurance and indemnification, and general provisions.","Upon the termination of this Agreement, Operator shall cooperate in the transition of operations to Owner or a successor operator and upon Owner's request, will promptly deliver all books and records and other property (including, without limitation, intellectual property) of Owner to Owner or the successor operator, as applicable.",Not found,Not found
"WHITESMOKE,INC_11_08_2011-EX-10.26-PROMOTION AND DISTRIBUTION AGREEMENT","This Promotion and Distribution Agreement between Whitesmoke Inc. and Google Inc., effective August 1, 2011, details the terms for distributing the WhiteSmoke Writer application bundled with the Chrome Browser. Key obligations include promoting the app to users, ensuring compliance with criteria checks, and maintaining open browser windows. Notable risks involve adhering to specific software requirements and potentially facing legal challenges due to confidentiality provisions.","5.2 Termination for breach.

A party may suspend performance and/or terminate this Agreement, with immediate effect, if the other party:
(a) is in material breach of this Agreement where the breach is incapable of remedy; or
(b) is in material breach of this Agreement where the breach is capable of remedy and fails to remedy that breach within thirty (30)
days after receiving written notice from the non-breaching party.",Not found,"9.1 Nothing in this Agreement shall exclude or limit either party's liability for:
(a) death or personal injury resulting from the negligence of either party or their servants, agents or employees;
(b) fraud or fraudulent misrepresentation;
(c) breach of any implied condition as to title or quiet enjoyment; and
(d) misuse of confidential information.
9.2 Nothing in this Agreement shall exclude or limit either party's liability under Clause 10 (Indemnities), or Distributor's liability under Clause 2 (License Grants and Restrictions), Clause 3.5 (Exclusivity), Clause 3.6 (End User License Agreement) and Clause 3.7 (Accurate Reproduction) or Clause [ * ].
9.3 Subject to Clauses 9.1 and 9.2, neither party shall be liable under this Agreement (whether in contract, tort or otherwise) for any:
(a) loss of anticipated savings;
(b) loss of business opportunity (which for the avoidance of doubt shall not include loss of advertising revenue);
(c) loss of or corruption of data;
(d) loss or damage resulting from third party claims; or
(e) indirect or consequential losses;
suffered or incurred by the other party (whether or not such losses were within the contemplation of the parties at the date of this Agreement).
9.4 Subject to Clauses 9.1 and 9.2, each party's total liability under or in connection with this Agreement (whether in contract, tort or otherwise) arising in any Contract Year is limited to the greater of:
(a) [ * ] Euros ([ * ] Euros); and
(b) [ * ]% of the total payment due to the Distributor in the relevant Contr
[truncated]"
FerroglobePlc_20150624_F-4A_EX-10.20_9154746_EX-10.20_Outsourcing Agreement,"This Outsourcing Agreement between Silicon Smelters Pty Ltd and Espacio Information Technology SA outlines a contract for IT management services to be provided by EIT on behalf of the Customer. The agreement covers network connectivity, servers, applications, user workstations, software licenses, and standard guidelines. It specifies that supervision is handled by both parties' respective executives, with the scope limited to IT management systems excluding industrial and production environments. Payments are made for services rendered under this Agreement.","Once this Agreement has expired, each party must, depending on the choice of the other party, destroy or hand over all technical, economic, financial or commercial information, confidential or not, in its possession, directly or indirectly, as convened in the present Agreement.","Except as provided hereinafter, for a period of five years after termination or expiration of this Agreement, each party shall not disclose, publish or disseminate information received from the other party which may be required to carry out this Agreement and which the disclosing party deems proprietary and confidential.","EIT is responsible for any damages caused to the Customer or to third parties, when these result from EIT not satisfying the contractual obligations.
Nevertheless, EIT will be free of responsibility, in case of not satisfying its obligations, if he can prove that this was due to force majeure or external causes out of his control, like accidents, natural disasters, vandalism acts or theft.
10.3.
The liability of EIT will be limited to a value"
ArmstrongFlooringInc_20190107_8-K_EX-10.2_11471795_EX-10.2_Intellectual Property Agreement,"This Intellectual Property Agreement (the ""Agreement"") is between Armstrong Flooring, Inc., and AFI Licensing LLC regarding the transfer of certain intellectual property rights related to Armstrong Wood Products, Inc., HomerWood Hardwood Flooring Company, and their subsidiaries. The agreement aims to provide a license for the use of these assets in the Arizona Field, including trademarks, copyrights, know-how, patents, and other intellectual property owned by the parties involved.",Not found,Not found,Not found
PlayboyEnterprisesInc_20090220_10-QA_EX-10.2_4091580_EX-10.2_Content License Agreement_ Marketing Agreement_ Sales-Purchase Agreement1,"This CONTENT LICENSE, MARKETING AND SALES AGREEMENT (the ""Agreement"") is entered into between eFashion Solutions, LLC and Playboy.com, Inc., effective January 15, 2008. The agreement outlines the terms for operating the Playboy Commerce Business, including marketing, promotion, distribution of branded, unbranded, and co-branded merchandise via physical media and online through Catalogs and Websites. EFS is responsible for developing, designing, operating, maintaining, and distributing the Catalogs and Websites, as well as creating and using content to be displayed on them. The agreement also includes a provision allowing EFS to display ""Powered by eFashionSolutions"" on each page of the Websites.","Notwithstanding the foregoing, EFS may fulfill any outstanding orders placed through the Playboy Commerce Business prior to the Termination Date and may continue collection activities related thereto, which shall be subject to Section 6 hereof.",Each party agrees (a) that it will not disclose to any third party or use any Confidential Information disclosed to it by the other except as expressly permitted in this Agreement and (b) that it will take all reasonable measures to maintain the confidentiality of all Confidential Information of the other party using at least the degree of care and security as each uses to maintain the confidentiality of its own Confidential Information.,"By EFS.

EFS further represents and warrants that (a) the Websites and the Catalogs and all content contained therein (but specifically excluding the Playboy Marks and Playboy Content) do not and will not infringe any intellectual property right of any third party; (b) it has all necessary intellectual property rights in and to the Merchandise to be offered for sale through the Playboy Commerce Business; (c) it will at all times abide by and comply with the Privacy Policy and all other Laws applicable
 to operation of the Playboy Commerce Business, including, but not limited to the CANSPAM Act of 2003 and those related to privacy; (d) it (i) shall use its best efforts to ensure that all performers featured in any content and/or Merchandise offered for sale through the Catalogs and/or the Websites were at least eighteen (18) years of age at the time of production and (ii) shall comply with all record keeping, labeling and other requirements pursuant to Section 2257, as the same may be amended from time to
 time; (e) it will at all times take commercially reasonable steps to ensure the accuracy of all information contained on the Websites and in the Catalogs; and (f) the Playboy Commerce Business, including, without limitation, the Catalogs and Websites and all aspects thereof, will be operated in a workmanlike, timely and professional manner consistent with industry standards and EFS'
 operation of other third-party branded commerce offerings."
AgapeAtpCorp_20191202_10-KA_EX-10.1_11911128_EX-10.1_Supply Agreement,"This ODM Supply Agreement between Organic Preparations Inc. (Manufacturer) and Agape ATP International Holding Limited (Customer) outlines a ten-year term agreement for promoting, selling, marketing, distributing, and administering products listed in Schedule A. Key obligations include providing documentation and complying with local laws, manufacturing standards, packaging regulations, and performing as per the Customer's needs. Risks include non-compliance with local laws and regulations, potential breach of contract due to reasons other than specified, and renewal terms requiring six months' notice for termination.",A six (6) months notice must be given by either party of their intention to terminate relations due to any reason other than breach of this agreement.,Not found,"6.1 The Manufacturing Companies utilised by the Agent to manufacture the products listed in Schedule A of this agreement shall maintain throughout the term of this agreement product liability insurance issued by a reputable insurance company under standard terms and conditions in the industry to cover the liability of the Customer and to indemnify the Customer from any costs, expenses, loss or damages resulting from any act, neglect or default of the company."
TICKETSCOMINC_06_22_1999-EX-10.22-SPONSORSHIP AGREEMENT,"This sponsorship agreement between Tickets.com, Inc. and MP3.com, Inc., stipulates that during the term from February 17, 1999, Tickets will be MP3's exclusive source for sports, entertainment, and travel tickets on their website. The sponsorships include a guaranteed minimum of 3 million impressions per month over five years. Payments are due monthly at specific intervals with late fees assessed if not paid within the stipulated time. The agreement can be terminated by either party upon thirty days' notice prior to the anniversary date or renewed for another year with increased fees, provided it does not exceed a [***] percent increase from the existing Sponsor Fees.",Not found,Not found,Not found
CcRealEstateIncomeFundadv_20181205_POS 8C_EX-99.(H)(3)_11447739_EX-99.(H)(3)_Marketing Agreement,"This contract is a Wholesale Marketing Agreement between ALPS Distributors Inc. and S2K Financial LLC. The purpose of the agreement is to allow S2K's representatives to market the Funds to Intermediaries, including broker-dealers registered with SEC and FINRA. S2K will use its reasonable best efforts to identify and introduce Intermediaries to the Funds, while not acting as an underwriter for sales loads. S2K may engage in seminars, distribute materials, and perform other marketing services on behalf of the Distributor. The agreement specifies that S2K must comply with certain conditions regarding registration and marketing practices.",Not found,"Confidentiality. Each party to this Agreement shall safeguard and hold confidential from disclosure to unauthorized parties all Confidential Information (as defined below) of the other party or parties.
For purposes of this Section 8, the term ""Confidential Information"" shall mean any and all information which is in any way connected with, derived from or related to the business of a party, including without limitation, any business and financial records, any retail or institutional customer information, computer programs, technical data, investment information, lists, compilations, compositions, programs, plans, devices, descriptions, drawings, methods, techniques, processes, designs, theories concepts or ideas, and any information relating to the pricing or marketing policies, suppliers or customers of a party.
(b) Confidential Information shall not include information to the extent such information is (i) already known to the receiving party free of any restriction at the time obtained, including information in the public domain; (ii) subsequently learned from an independent third party free of restriction; (iii) known through no wrongful act of any party; or (iv) independently developed by one party without reference to information which is confidential.
(c) For purposes of this Section 8, only the officers, directors and employees and agents of the parties, including their respective accountants, auditors and attorneys, shall be authorized parties, provided those individuals have a ""need to know"" the Confidential Information that is connected with or related to the business of the party.
(d) Each party agrees not to disclose any Confidential Information except as necessary in connection with this Agreement or for purposes of enforcing its rights under this Agreement.","(a) S2K shall indemnify and hold harmless the Distributor and each of its affiliates, officers, directors, employees, agents and control persons (as defined in Section 15 of the 1933 Act or Section 20 of the 1934 Act), from and against any loss, liability, claim, damage or expense (including the reasonable cost of investigating or defending any alleged loss, liability, claim, damage or expense and reasonable counsel fees incurred in connection therewith), as incurred, arising in connection with (i) S2K's violation of any of the provisions of this Agreement or (ii) S2K's violation of any applicable law, rule or regulation with respect to its conduct under the Agreement; provided, however, that in no case is the foregoing indemnity to be deemed to protect the Distributor or any of its affiliates, officers, directors, employees, agents or control persons (as defined in Section 15 of the 1933 Act or Section 20 of the 1934 Act) against any liability to which the Distributor or any such person would otherwise be subject by reason of its willful misfeasance, bad faith or gross negligence or by reason of the Distributor's reckless disregard of its obligations and duties under this Agreement.

(b) The Distributor shall indemnify and hold harmless S2K and each of its affiliates, directors, officers, employees, agents and control persons (as defined in Section 15 of the 1933 Act or Section 20 of the 1934 Act), from and against any loss, liability, claim, damage or expense (including the reasonable cost of investigating or defending any alleged loss, liability, claim, damage or expense and reasonable counsel fees incurred in connection therewith), as incurred, arising in connection with (i) the Distributor's violation of any of the provisions of this Agreement, (ii) the Distributor's violation of any applicable law, rule or regulation with respect to its conduct under the Agreement, or (iii) any untrue statement of a material fact or any omission of a material fact necessary in order to make the statements made, in light of the circumstances under which they were made, not misleading in any advertising or promotional material published or provided by the Distributor to S2K; provided,

(c) Any and all claims, losses, cost or expenses shall be limited to actual and direct costs.

In no event shall any party be responsible to the other for indirect, special or consequential damages."
SLOVAKWIRELESSFINANCECOBV_03_28_2001-EX-4.(B)(II).3-Maintenance and support contract for SICAP(R) modules,"This agreement between EuroTel and Sicap Ltd pertains specifically to their SICAP(R) modules (PPB, VCA, and OTA). It includes standard service offerings such as hotline support, monthly telephone support, remote ISDN line access, and change management. Additional support is available but must be requested through separate quotation and ordering procedures. Pricing varies based on the type of support required. The contract excludes third-party software issues, misuse, or modifications to the system.","In case of a substantial breach of this maintenance and support contract by either party, which is not remedied within thirty days from the other party's notice thereof, the other party shall have the right to terminate this maintenance and support contract with immediate effect without juridical procedures.",Not found,"Sicap Ltd's liability for indirect loss, including consequential loss, loss of profit, lost savings and loss caused by interruption of operations is excluded."
NELNETINC_04_08_2020-EX-1-JOINT FILING AGREEMENT,"This contract is a joint filing agreement designed to report the ownership of securities by multiple parties, including individuals and trusts. Key obligations include jointly preparing and submitting reports to regulatory authorities, ensuring timely amendments are filed, and maintaining accurate information provided. Notable risks involve responsibility for the completeness and accuracy of each party's data, especially when dealing with others' information.",Not found,Not found,Not found
TELKOMSALTD_01_30_2003-EX-10-LICENCE AND MAINTENANCE AGREEMENT,"This contract establishes a licensing agreement between SAP Africa and TELKOM for software use, facilitating TELKOM's creation of an Internet-based business platform through the ""Marketplace"" feature. Key obligations include granting licenses under specified conditions with terms and definitions clarified. Notable risks involve adherence to legal frameworks like the Companies Act 1973 and potential changes in ownership impacting subsidiary status.","If, at any time during the currency of this Agreement, TELKOM in its reasonable discretion based on prima facie evidence determines that SAP AFRICA has, in respect of this Agreement or any other contract or agreement to which they were or are Parties:
16. 2. 1 acted dishonestly and/or in bad faith, and/or
16. 2. 2 has made any intentional or negligent misrepresentation to TELKOM whether in any negotiations preceding the conclusion of, or in the execution of this or any other agreement between the Parties,
then TELKOM will be entitled by written notice to SAP Africa forthwith to cancel this Agreement.","TELKOM shall maintain a log of the number and location of all originals and copies of the SOFTWARE. The inclusion of a copyright notice on any portion of the SOFTWARE, DOCUMENTATION or SAP AFRICA'S PROPRIETARY INFORMATION shall not cause, or be construed to cause, it to be a published work. Subject to the provisions of clause 8.1 that expressly provide otherwise, all modifications and extensions to the SOFTWARE and DOCUMENTATION shall be considered part of the SOFTWARE and DOCUMENTATION for purposes of this clause 7. Each party agrees that prior to disclosing any PROPRIETARY INFORMATION of the other party to any such other person, it will obtain from such other person, a written acknowledgement that he will be bound by the same terms as specified in this clause 7 with respect to the either party's PROPRIETARY INFORMATION.","12. 3 Subject to clause 11. 2, SAP AFRICA shall indemnify TELKOM against all claims, liabilities, and costs, including reasonable attorneys fees, reasonably incurred in the defence of any claim brought against TELKOM in the TERRITORY by a third party alleging that TELKOM'S USE of the SOFTWARE and DOCUMENTATION infringes a third party's copyright, patent, PROPRIETARY INFORMATION and/or trade secrets; provided that TELKOM promptly notifies SAP AFRICA in writing of any such claim and SAP AFRICA is permitted to control fully the defence and any settlement of such claim at SAP AFRICA'S own expense."
CYBERIANOUTPOSTINC_07_09_1998-EX-10.13-PROMOTION AGREEMENT,"Cyberian Outpost, Inc. has omitted portions of its agreement for confidential treatment by the Securities and Exchange Commission. The promotional agreement between CNET, Inc. and Cyberian Outpost, Inc., dated January 26, 1998, outlines how CNET will provide online and television promotions to Cyberian Outpost's website in exchange for compensation. Key obligations include providing a 15-second spot on TV.COM, advertising banners at the CNET sites, and Retail Promotions across the CNET sites. The agreement also specifies that if TV.COM is not aired during part of the term, two download.com banner ads will be run instead. Cyberian Outpost agrees to provide at least [XXXXXX] Retail Impressions within the first three months and [XXXXXX] Retail Impressions in subsequent months.","If this Agreement is terminated during any of the three month periods referenced in Section 2.3.2, then the required number of Retail Impressions applicable thereunder to such three month period will be pro rated accordingly.",Not found,Not found
AudibleInc_20001113_10-Q_EX-10.32_2599586_EX-10.32_Co-Branding Agreement_ Marketing Agreement_ Investment Distribution Agreement,"This contract is an agreement between Amazon.com Commerce Services, Inc. (ACSI) and Audible Inc., regarding co-branding, marketing, and distribution of products on ACSI's website. The key obligations include updating the list of competitors no more frequently than once per quarter by written notice, ensuring compliance with any contractual or legal obligations to ACSI Competitors, and defining terms such as Trademarks, Intellectual Property, and Derivative Works. Risks include potential conflicts with ACSI Competitors and the need for Company to comply with existing agreements without breaching them.",Not found,"Each Party will protect the Confidential Information of the other Party from misappropriation and unauthorized use or disclosure, and at a minimum, will take precautions at least as great as those taken to protect its own confidential information of a similar nature, but in no event with less than reasonable care. Without limiting the foregoing, the Receiving Party will: (a) use such Confidential Information solely for the purposes for which it has been disclosed; and (b) disclose such Confidential Information only to those of its and its Affiliates' employees, agents, and consultants who have a need to know the same for the purpose of performing this Agreement and who are informed of and agree to a duty of nondisclosure.",Not found
2ThemartComInc_19990826_10-12G_EX-10.10_6700288_EX-10.10_Co-Branding Agreement_ Agency Agreement,"This contract is an agreement between i-Escrow, Inc., and 2TheMart.com, Inc., for co-branding and advertising. The purpose is to establish terms for using each party's content on a joint web-site accessible through Domain Name. Key obligations include providing Content (i.e., text, images) from both parties, launching the Co-Branded Site by June 21, 1999, and transferring information between parties via Information Transfer Mechanism. Notable risks involve ensuring compliance with t terms of service and avoiding unauthorized use or misrepresentation of Marks.",Not found,Not found,"In addition, 2TheMart shall indemnify i-Escrow against any and all claims, losses, costs and expenses, including reasonable attorneys' fees, which i-Escrow may incur as a result of claims in any form by third parties arising from 2TheMart Content.

In addition, i-Escrow shall indemnify 2TheMart against any and all claims, losses, costs and expenses, including reasonable attorneys' fees, which 2TheMart may incur as a result of claims in any form by third parties arising from i-Escrow Content and or the Services provided to Customers.

The foregoing obligations are conditioned on the Indemnified Party:
(i) giving the Indemnifying Party notice of the relevant claim,
(ii) cooperating with the Indemnifying Party, at the Indemnifying Party's expense, in the defense of such claim,
and (iii) giving the Indemnifying Party the right to control the defense and settlement of any such claim, except that the Indemnifying Party shall not enter into any settlement that affects the Indemnified Party's rights or interest without the Indemnified Party's prior written approval.

The Indemnified Party shall have the right to participate in the defense at its expense."
BANUESTRAFINANCIALCORP_09_08_2006-EX-10.16-AGENCY AGREEMENT,"**Summary:**

El Banco Financial Corporation proposes to engage a sales agent named ""Agent"" to assist with the sale of its common stock. The Offering involves the initial public offering (IPO) where El Banco Financial Corporation is selling shares to the public. The Company has prepared and filed a registration statement on Form SB-2 under the 1933 Act, including a prospectus, for the IPO. The Agent will work ""best efforts"" to promote the sale of these Shares. The Offering includes a Preliminary Prospectus, any Permitted Free Writing Prospectuses related to the offering, and any Blue Sky Applications necessary for compliance with securities laws in various jurisdictions.",Not found,Not found,"The Agent will reimburse the Company and the Company Indemnitees for any legal or other expenses reasonably incurred (individually or collectively) by it or them in connection with investigating or defending any such loss, claim, damage, liability or action."
"NETGEAR,INC_04_21_2003-EX-10.16-DISTRIBUTOR AGREEMENT","This contract establishes a distributor agreement between Ingram Micro and NETGEAR, outlining terms for hardware and software sales between the two companies. Key obligations include purchasing products listed on the Price List and reselling them within the specified Territory. Notable risks involve NETGEAR's right to sell or license Products directly, subject to certain marketing activities as outlined in an attached Marketing Plan.","Either party may terminate this Agreement immediately if (i) the other party becomes insolvent, files or has filed against it a petition in bankruptcy, or ceases doing business; or (ii) the other party fails to cure a material breach of the Agreement within thirty (30) days after receipt of written notice of such breach from the party not in default.",Not found,"Except for damages arising from breach of Sections 6.C and 12, 13 or 17, in no event shall Distributor's total liability for any damages in any action based on or arising out of or in connection with the Agreement exceed [*] to NETGEAR pursuant to the Agreement."
ATENTOSA_07_06_2020-EX-99.1-JOINT FILING AGREEMENT,"This contract is governed by Rule 13d-1(k)(1) of the Securities Exchange Act of 1934, as amended. It mandates joint filing of Schedule 13D statements and amendments without additional agreements being necessary. The parties involved are HPS Investment Partners, LLC, its affiliates, and their investment managers. This agreement permits execution in multiple counterparts and is not deemed an admission that these entities constitute a group or have acted together.",Not found,Not found,Not found
"FOUNDATIONMEDICINE,INC_02_02_2015-EX-10.2-Collaboration Agreement","This Collaboration Agreement between Roche Basel, Roche US, FMI aims to foster a partnership focused on the advancement of diagnostic tests related to cancer genomics. Key obligations include sharing confidential information, conducting clinical studies, handling samples, and developing assays. Notable risks encompass regulatory compliance, data security breaches, and potential conflicts with existing patents. The agreement specifies specific terms for each party's participation in research and development activities within designated territories.","If such breach is not cured within the Peremptory Notice Period, then absent withdrawal of the Non-Breaching Party's request for termination, the relevant Work Stream (or Approved Marker or Investigational Marker program) shall terminate in accordance with the notice from the Non-Breaching Party as of the expiration of the Peremptory Notice Period.","During the Agreement Term and for [...***...] thereafter, a Receiving Party shall (i) treat Confidential Information provided by Disclosing Party as it would treat its own information of a similar nature, (ii) take all reasonable precautions not to disclose such Confidential Information

to Third Parties, without the Disclosing Party's prior written consent, and (iii) not use such Confidential Information other than for fulfilling its obligations or exercising its rights under this Agreement.

If any Confidential Information is required to be disclosed by the Receiving Party or its Affiliates to comply with a court or administrative order, the Receiving Party or its Affiliates, prior to making such disclosure, shall furnish as much notice as is reasonable under the circumstances to the Disclosing Party to enable it to resist such disclosure.

Notwithstanding the foregoing, each Party must comply with its obligations under Section 16.1 and 16.5.",Not found
Quaker Chemical Corporation - NON COMPETITION AND NON SOLICITATION AGREEMENT,"This Non-competition and Non-solicitation Agreement is between Quaker Chemical Corporation, Gulf Houghton Lubricants Ltd., Gulf Oil International Limited, GOCL Corporation Limited, and Gulf Oil Lubricants India Ltd. It covers the non-compete and non-solicitation obligations of the Sellers to refrain from competing with or soliciting business from Buyer's subsidiaries for a period after the Effective Date. The key obligations include not engaging in similar activities within 12 months post-Effective Date and not soliciting any employees, customers, or clients of Buyer's subsidiaries. Notable risks involve potential breach of non-compete clauses by Sellers, which could lead to legal action against them.",Not found,"WHEREAS, it is integral to Buyer's acquisition of the Company Business and a condition precedent to the closing of the transactions contemplated by the Purchase Agreement that the Sellers enter into this Agreement with Buyer to provide for the protection of the Combined Business's customer and vendor relationships, trade secrets, confidential information and other business operations.","No provision of this Agreement is intended to confer any rights, benefits, remedies, obligations or liabilities
hereunder upon any Person other than the parties and their respective successors and permitted assigns."
AMBASSADOREYEWEARGROUPINC_11_17_1997-EX-10.28-ENDORSEMENT AGREEMENT,"This Endorsement Agreement (""Agreement"") is signed between KI Inc., SW, and Diplomat. It gives Diplomat permission to use KI's name, likeness, and endorsement for KI Eyewear products globally until January 30, 2000. The royalty rate is 5% of the net wholesale volume sold by Diplomat or its affiliates. If Kmart does not carry KI eyewear before the first licensing year, Diplomat can terminate the agreement as of that date.","In the event this license is so terminated, Diplomat, its receivers,
representatives, trustees, agents, administrators, successors and/or assigns shall have no right to sell, exploit or in any way deal with or in
any of the products covered by this Agreement, or any carton, container,
packing or wrapping material, advertising, promotional or display material pertaining thereto, except with and under the special consent and
instructions of KI, Inc. in writing, which they shall be obligated to follow.
(c) If Diplomat shall violate any of its other material obligations under the terms of this Agreement, KI, Inc. shall have the
right to terminate the license hereby granted upon twenty (20) days'
notice in writing, and such notice of termination shall become effective unless Diplomat shall completely remedy the violation within the twenty-day period and satisfy
KI, Inc. that such violation has been remedied.
(d) Termination of the license under the provisions of this paragraph 14 shall be without prejudice to any rights which KI, Inc. may
otherwise have against Diplomat.",Not found,"Diplomat hereby indemnifies KI, Inc. and KI, undertakes to defend KI, Inc. and KI against, and hold KI, Inc. and KI harmless from, any claims, suits, loss and damage (including attorneys' fees and costs) arising out of (a) any allegedly unauthorized use of any patent, process, idea, method, or device by Diplomat in connection with the products covered by this Agreement, (b) any alleged defects in the products covered by this Agreement, and (c) any other alleged action by Diplomat."
"INTELLIGENTHIGHWAYSOLUTIONS,INC_01_18_2018-EX-10.1-Strategic Alliance Agreement","This strategic alliance agreement between Bravatek Solutions, Inc. and Fazync LLC aims to establish a business relationship for promoting Fazync's capabilities in the government sector through Bravatek's technical expertise in security-related software and telecom services. Key obligations include:
- Bravatek aspires to be a project-based sales lead finder for Fazync.
- Fazync commits to listing Bravatek as an alliance partner, providing timely responses, promoting products, co-branded marketing materials, and participating in sales calls.
- Both parties agree to jointly develop and implement a product solution strategy.",Not found,"Confidentiality
'Confidential information' shall mean any and all technical and non-technical information, documents and materials related to client projects of party and products, services and business of each of the parties.
Fazync and Bravatek agree to maintain in strict confidence and not to disclose or disseminate, or to use for any purposes other than performance of the projects, the Confidential Information disclosed.
The obligation of non-disclosure shall not apply to the following:
a. Any information that is already publicly known or has been independently developed by either party prior to disclosure; b. Any information that is obtained from a third party without breach of this agreement; c. Any information that is required to be disclosed pursuant to any applicable law, regulation, order, subpoena, judicial process, or other governmental request; d. Any information that is provided in good faith by a client for the purpose of evaluating the services offered by either party; e. Any information that is independently developed by either party without breach of this agreement.","Bravatek shall indemnify Fazync, its directors, officers and employees, for any and all damages, costs, expenses, and other liabilities, including reasonable attorney's fees and court costs, incurred in connection with any third-party claim, action or proceeding arising from the negligence
or intentional misconduct of Bravatek or breach of Bravatek of any of its obligations under this Agreement."
MPLXLP_06_17_2015-EX-10.1-TRANSPORTATION SERVICES AGREEMENT,"This transportation services agreement between Marathon Petroleum Company LP and Marathon Pipe Line LLC aims to enhance capacity on their common carrier pipeline systems through a joint venture initiative. The Pipeline will undergo phased improvements, with Shipper committing specific volumes of product transport under rates stipulated in Exhibit B. Risks include potential changes in applicable laws impacting the operation of the pipelines.","If MPL is in compliance with the terms and conditions of this Agreement, and Shipper decides to terminate this Agreement after the Effective Date but prior to the commencement of transportation service on the Pipeline, Shipper shall notify MPL of its decision to terminate within one hundred and eighty (180) days of the Project's in-service date to allow MPL the opportunity to provide Shipper's unwanted capacity to other interested shippers as Unsubscribed Capacity as set forth in Section 3.8.","Confidential Information means any proprietary or confidential information that is competitively sensitive material or otherwise of value to a Party or its Affiliates and not generally known to the public, including trade secrets, scientific or technical information, design, invention, process, procedure, formula, improvements, product planning information, marketing strategies, financial information, information regarding operations, consumer and/or customer relationships, consumer and/or customer identities and profiles, sales estimates, business plans, and internal performance results relating to the past, present or future business activities of a Party or its Affiliates and the consumers, customers, clients and suppliers of any of the foregoing.",Not found
PelicanDeliversInc_20200211_S-1_EX-10.3_11975895_EX-10.3_Development Agreement1,"SeattleSoftwareDevelopers has entered into a contract to develop additional features for Pelican Delivers, including POS integration, Google Maps API, payment processing, ID verification, reporting, driver app improvements, and a front-facing web application for customers. The project involves developing 1 iOS application with PhP, MySQL, AWS Hosting, jQuery, and JavaScript language, as well as designing the website to be customer-friendly. SeattleSoftwareDevelopers estimates that this project will take around six months of development, testing, and deployment, with milestones scheduled for January 1st, February 1st, March 1st, and April 1st. The fee is $279,000, with payments due at the start of the project and upon completion of each milestone.",Not found,Not found,Not found
ImperialGardenResortInc_20161028_DRS (on F-1)_EX-10.13_9963189_EX-10.13_Outsourcing Agreement,"The contract details the terms for outsourcing the development of Miaoli Royal Resort Hotel in Chang Chen-Bin Architects' office building. Key obligations include architectural plans, soil conservation, environmental impact assessments, land usage changes, landscaping designs, and miscellaneous works. Notable risks include potential delays from design consultations and revisions, as well as unforeseen environmental impacts that could hinder project progress.",Not found,Not found,Not found
"GOOSEHEADINSURANCE,INC_04_02_2018-EX-10.6-Franchise Agreement","This contract is a franchise agreement between Goosehead Insurance Agency LLC and the Franchisee. The purpose of the agreement is to establish terms under which the Franchisee will operate as an insurance agency using Goosehead's System, including proprietary systems, technologies, and intellectual property rights. Key obligations include payment of initial fees, commencing operations at a specified date, purchasing products/services from Goosehead, operating according to standards, and complying with confidentiality agreements. Notable risks include financial commitments, operational compliance, and potential termination clauses.",Not found,"You agree that you will never copy, duplicate, record, or otherwise reproduce those materials, in whole or in part, nor will you otherwise make those materials available to any unauthorized person.

11.1 You agree that you will not, during the term of this Agreement or at any time thereafter, communicate, divulge, or use (for yourself and/or for the benefit of any other person, persons, partnerships, entities, associations, or corporations) any Confidential Information that may be communicated to you or of which you may be apprised by virtue of your operation under the terms of this Agreement.

11.2 You acknowledge and agree that any failure to comply with the requirements of this Section 11 will cause us irreparable injury, and you agree to pay all costs (including, without limitation, reasonable attorneys' fees, court costs, discovery costs, and all other related expenses) that we incur in obtaining specific performance of, or an injunction against violation of, the requirements of this Section 11.",Not found
